{
  "instance": "data/Instance10/R_30_10_3.txt",
  "config": {
    "instance": "data/Instance10/R_30_10_3.txt",
    "time_window_strategy": "class_based",
    "epsilon": 0.001,
    "energy_budget": 3,
    "robust_energy": true,
    "bigm_time": 1000,
    "bigm_load": 1000,
    "bigm_energy": 20.0,
    "tardiness_weight": 1.0,
    "time_limit": 3600,
    "notes": "R_30_10_3 fix v2"
  },
  "solve_time": 3600.1146948337555,
  "status": 9,
  "objective": 78.28545256155509,
  "best_bound": 44.448799208388074,
  "mip_gap": 0.43222146958352936,
  "runtime": 3600.0145330429077,
  "truck_routes": [
    {
      "truck": 0,
      "route": [
        0,
        9,
        1,
        5,
        8,
        4,
        3,
        11
      ],
      "distance": 64.0
    }
  ],
  "drone_tasks": [
    {
      "drone": 0,
      "tasks": [],
      "distance": 19.5
    },
    {
      "drone": 1,
      "tasks": [
        {
          "launch_node": 8,
          "retrieve_node": 3,
          "customers": [
            7,
            10
          ],
          "launch_truck": 0,
          "retrieve_truck": 0
        }
      ],
      "distance": 46.10000000000001
    }
  ],
  "decision_variables": {
    "x_truck_active": {
      "(0,9,0)": 1.0,
      "(1,5,0)": 1.0,
      "(3,11,0)": 1.0,
      "(4,3,0)": 1.0,
      "(5,8,0)": 1.0,
      "(8,4,0)": 1.0,
      "(9,1,0)": 1.0
    },
    "y_drone_active": {
      "(2,11,1)": 1.0,
      "(3,2,1)": 1.0,
      "(4,6,0)": 1.0,
      "(6,11,0)": 1.0,
      "(7,10,1)": 1.0,
      "(8,7,1)": 1.0,
      "(10,3,1)": 1.0
    },
    "z_coupling_active": {
      "(0,9,0,0)": 1.0,
      "(0,9,0,1)": 1.0,
      "(1,5,0,0)": 1.0,
      "(1,5,0,1)": 1.0,
      "(5,8,0,0)": 1.0,
      "(5,8,0,1)": 1.0,
      "(8,4,0,0)": 1.0,
      "(9,1,0,0)": 1.0,
      "(9,1,0,1)": 1.0
    },
    "u_sync_active": {
      "(3,0,1)": 1.0,
      "(4,0,0)": 1.0,
      "(8,0,1)": 1.0,
      "(11,1,0)": 1.0
    },
    "arrival_truck_nonzero": {
      "(1,0)": 0.497143,
      "(3,0)": 1.454286,
      "(4,0)": 1.24,
      "(5,0)": 0.56,
      "(8,0)": 1.105714,
      "(9,0)": 0.231429,
      "(11,0)": 3.656879
    },
    "arrival_drone_nonzero": {
      "(1,0)": 0.497143,
      "(1,1)": 0.497143,
      "(2,1)": 1.58,
      "(3,1)": 1.454286,
      "(4,0)": 1.24,
      "(5,0)": 0.56,
      "(5,1)": 0.56,
      "(6,0)": 1.401429,
      "(6,1)": 2.372594,
      "(7,1)": 1.21,
      "(8,0)": 1.105714,
      "(8,1)": 1.105714,
      "(9,0)": 0.231429,
      "(9,1)": 0.231429,
      "(10,1)": 1.285714,
      "(11,0)": 1.518571,
      "(11,1)": 1.792857
    },
    "tardiness_truck_nonzero": {},
    "tardiness_drone_nonzero": {
      "(2,1)": 0.147119
    },
    "delay_cost_truck_nonzero": {
      "(2,1)": 1.165453
    },
    "delay_cost_drone_nonzero": {
      "(2,1)": 1.165453
    },
    "load_truck_nonzero": {
      "(0,0)": 500.0,
      "(0,1)": 500.0,
      "(1,0)": 123.0,
      "(1,1)": 13.0,
      "(2,1)": 30.0,
      "(3,0)": 29.0,
      "(3,1)": 30.0,
      "(4,0)": 59.0,
      "(4,1)": 30.0,
      "(5,0)": 114.0,
      "(6,0)": 12.0,
      "(6,1)": 30.0,
      "(7,0)": 3.0,
      "(7,1)": 3.0,
      "(8,0)": 101.0,
      "(8,1)": 30.0,
      "(9,0)": 128.0,
      "(9,1)": 30.0,
      "(10,0)": 30.0
    },
    "load_drone_plus_nonzero": {
      "(3,1)": 13.0,
      "(4,0)": 12.0,
      "(7,1)": 3.0,
      "(8,1)": 30.0,
      "(10,1)": 2.0
    },
    "load_drone_minus_nonzero": {
      "(1,0)": 30.0,
      "(2,0)": 30.0,
      "(2,1)": 13.0,
      "(3,1)": 2.0,
      "(4,0)": 30.0,
      "(4,1)": 30.0,
      "(5,0)": 30.0,
      "(6,0)": 12.0,
      "(6,1)": 30.0,
      "(7,1)": 30.0,
      "(8,1)": 30.0,
      "(9,1)": 30.0,
      "(10,1)": 3.0
    },
    "energy_worst_case_nonzero": {
      "(2,1)": 2.449547,
      "(3,1)": 6.3,
      "(6,0)": 4.928418,
      "(7,1)": 3.545463,
      "(10,1)": 4.534458,
      "(11,0)": 6.3,
      "(11,1)": 6.3
    },
    "departure_truck_nonzero": {
      "(1,0)": 0.497143,
      "(1,1)": 1.864364,
      "(2,1)": 2.856091,
      "(3,0)": 3.282594,
      "(3,1)": 5.450091,
      "(4,0)": 1.24,
      "(4,1)": 6.592147,
      "(5,0)": 0.56,
      "(5,1)": 5.475064,
      "(6,1)": 2.747963,
      "(7,0)": 3.718426,
      "(7,1)": 3.718426,
      "(8,0)": 1.105714,
      "(8,1)": 6.649192,
      "(9,0)": 0.231429,
      "(9,1)": 0.30823,
      "(10,1)": 6.008478,
      "(11,0)": 4.0,
      "(11,1)": 2.0
    }
  },
  "alns_verification": {
    "alns_feasible": true,
    "alns_cost": 77.2879,
    "mip_objective": 78.28545256155509,
    "reconstruction_method": "y_arcs",
    "robustness_violations": [],
    "truck_cost": 64.0,
    "drone_cost": 13.12,
    "delay_cost": 0.1679,
    "robustness_feasible": true
  }
}