{
  "instance": "data/Instance10/R_40_10_3.txt",
  "config": {
    "instance": "data/Instance10/R_40_10_3.txt",
    "time_window_strategy": "class_based",
    "epsilon": 0.001,
    "energy_budget": 3,
    "robust_energy": true,
    "bigm_time": 1000,
    "bigm_load": 1000,
    "bigm_energy": 20.0,
    "tardiness_weight": 1.0,
    "time_limit": 3600
  },
  "solve_time": 3600.1231911182404,
  "status": 9,
  "objective": 100.8199988809033,
  "best_bound": 86.64714286477596,
  "mip_gap": 0.14057583984770183,
  "runtime": 3600.0228118896484,
  "truck_routes": [
    {
      "truck": 0,
      "route": [
        0,
        1,
        7,
        6,
        8,
        3,
        11
      ],
      "distance": 85.3
    }
  ],
  "drone_tasks": [
    {
      "drone": 0,
      "tasks": [
        {
          "launch_node": 7,
          "retrieve_node": 6,
          "customers": [
            10,
            2
          ],
          "launch_truck": 0,
          "retrieve_truck": 0
        },
        {
          "launch_node": 6,
          "retrieve_node": 8,
          "customers": [
            4
          ],
          "launch_truck": 0,
          "retrieve_truck": null
        }
      ],
      "distance": 45.8
    },
    {
      "drone": 1,
      "tasks": [],
      "distance": 31.8
    }
  ],
  "decision_variables": {
    "x_truck_active": {
      "(0,1,0)": 1.0,
      "(1,7,0)": 1.0,
      "(3,11,0)": 1.0,
      "(6,8,0)": 1.0,
      "(7,6,0)": 1.0,
      "(8,3,0)": 1.0
    },
    "y_drone_active": {
      "(1,9,1)": 1.0,
      "(2,6,0)": 1.0,
      "(3,5,0)": 1.0,
      "(4,8,0)": 1.0,
      "(5,11,0)": 1.0,
      "(6,4,0)": 1.0,
      "(7,10,0)": 1.0,
      "(9,11,1)": 1.0,
      "(10,2,0)": 1.0
    },
    "z_coupling_active": {
      "(0,1,0,0)": 1.0,
      "(0,1,0,1)": 1.0,
      "(1,7,0,0)": 1.0,
      "(8,3,0,0)": 1.0
    },
    "u_sync_active": {
      "(1,0,1)": 1.0,
      "(3,0,0)": 1.0,
      "(6,0,0)": 1.0,
      "(7,0,0)": 1.0
    },
    "arrival_truck_nonzero": {
      "(1,0)": 0.528571,
      "(3,0)": 2.082857,
      "(6,0)": 1.382857,
      "(6,1)": 0.039314,
      "(7,0)": 1.074286,
      "(8,0)": 1.434286,
      "(11,0)": 2.437143
    },
    "arrival_drone_nonzero": {
      "(1,0)": 0.528571,
      "(1,1)": 0.528571,
      "(2,0)": 1.294286,
      "(3,0)": 2.082857,
      "(3,1)": 2.784364,
      "(4,0)": 1.398571,
      "(5,0)": 2.212857,
      "(5,1)": 3.044364,
      "(6,0)": 1.382857,
      "(6,1)": 2.795106,
      "(7,0)": 1.074286,
      "(8,0)": 1.427143,
      "(9,0)": 2.114022,
      "(9,1)": 0.66,
      "(10,0)": 1.174286,
      "(11,0)": 2.430078,
      "(11,1)": 0.982857
    },
    "tardiness_truck_nonzero": {},
    "tardiness_drone_nonzero": {},
    "delay_cost_truck_nonzero": {},
    "delay_cost_drone_nonzero": {},
    "load_truck_nonzero": {
      "(0,0)": 500.0,
      "(0,1)": 500.0,
      "(1,0)": 75.0,
      "(3,0)": 17.0,
      "(3,1)": 11.0,
      "(5,0)": 470.0,
      "(5,1)": 470.0,
      "(6,0)": 36.0,
      "(7,0)": 65.0,
      "(8,0)": 22.0,
      "(9,1)": 470.0
    },
    "load_drone_plus_nonzero": {
      "(3,0)": 6.0,
      "(4,0)": 5.0,
      "(6,0)": 11.0,
      "(7,0)": 28.0,
      "(10,0)": 19.0
    },
    "load_drone_minus_nonzero": {
      "(1,1)": 30.0,
      "(2,0)": 19.0,
      "(2,1)": 30.0,
      "(3,0)": 20.0,
      "(4,0)": 11.0,
      "(5,0)": 6.0,
      "(7,0)": 20.0,
      "(7,1)": 30.0,
      "(8,0)": 5.0,
      "(10,0)": 28.0,
      "(10,1)": 30.0
    },
    "energy_worst_case_nonzero": {
      "(2,0)": 5.781475,
      "(4,0)": 0.288987,
      "(5,0)": 2.061456,
      "(6,0)": 6.3,
      "(8,0)": 0.727874,
      "(9,1)": 1.692733,
      "(10,0)": 2.807141,
      "(11,0)": 6.3,
      "(11,1)": 6.3
    },
    "departure_truck_nonzero": {
      "(1,0)": 0.528571,
      "(1,1)": 1.901507,
      "(3,0)": 2.082857,
      "(3,1)": 5.472948,
      "(5,0)": 5.450779,
      "(5,1)": 5.096493,
      "(6,0)": 1.382857,
      "(6,1)": 0.039314,
      "(7,0)": 1.074286,
      "(8,0)": 1.434286,
      "(9,1)": 1.042594,
      "(11,0)": 3.0
    }
  },
  "alns_verification": {
    "alns_feasible": true,
    "alns_cost": 100.82,
    "mip_objective": 100.8199988809033,
    "reconstruction_method": "y_arcs",
    "robustness_violations": [],
    "truck_cost": 85.3,
    "drone_cost": 15.52,
    "delay_cost": 0.0,
    "robustness_feasible": true
  }
}