{
  "instance": "data/Instance10/R_40_10_4.txt",
  "config": {
    "instance": "data/Instance10/R_40_10_4.txt",
    "time_window_strategy": "class_based",
    "epsilon": 0.001,
    "energy_budget": 3,
    "robust_energy": true,
    "bigm_time": 1000,
    "bigm_load": 1000,
    "bigm_energy": 20.0,
    "tardiness_weight": 1.0,
    "time_limit": 3600
  },
  "solve_time": 497.6400830745697,
  "status": 2,
  "objective": 92.65516557480143,
  "best_bound": 92.65516557480143,
  "mip_gap": 0.0,
  "runtime": 497.5332989692688,
  "truck_routes": [
    {
      "truck": 1,
      "route": [
        0,
        1,
        7,
        9,
        3,
        2,
        11
      ],
      "distance": 79.1
    }
  ],
  "drone_tasks": [
    {
      "drone": 0,
      "tasks": [
        {
          "launch_node": 7,
          "retrieve_node": 9,
          "customers": [
            10,
            6,
            8
          ],
          "launch_truck": 1,
          "retrieve_truck": null
        }
      ],
      "distance": 20.9
    },
    {
      "drone": 1,
      "tasks": [
        {
          "launch_node": 1,
          "retrieve_node": 11,
          "customers": [
            5,
            4
          ],
          "launch_truck": 1,
          "retrieve_truck": null
        }
      ],
      "distance": 28.6
    }
  ],
  "decision_variables": {
    "x_truck_active": {
      "(0,1,1)": 1.0,
      "(1,7,1)": 1.0,
      "(2,11,1)": 1.0,
      "(3,2,1)": 1.0,
      "(7,9,1)": 1.0,
      "(9,3,1)": 1.0
    },
    "y_drone_active": {
      "(1,5,1)": 1.0,
      "(4,11,1)": 1.0,
      "(5,4,1)": 1.0,
      "(6,8,0)": 1.0,
      "(7,10,0)": 1.0,
      "(8,9,0)": 1.0,
      "(10,6,0)": 1.0
    },
    "z_coupling_active": {
      "(0,1,1,0)": 1.0,
      "(0,1,1,1)": 1.0,
      "(1,7,1,0)": 1.0,
      "(2,11,1,0)": 1.0,
      "(3,2,1,0)": 1.0,
      "(9,3,1,0)": 1.0
    },
    "u_sync_active": {
      "(1,1,1)": 1.0,
      "(7,1,0)": 1.0
    },
    "arrival_truck_nonzero": {
      "(1,1)": 0.188571,
      "(2,1)": 1.874286,
      "(3,1)": 1.365714,
      "(7,1)": 0.465714,
      "(9,1)": 0.771429,
      "(11,0)": 0.339922,
      "(11,1)": 2.26
    },
    "arrival_drone_nonzero": {
      "(1,0)": 0.188571,
      "(1,1)": 0.188571,
      "(2,0)": 1.874286,
      "(2,1)": 1.102857,
      "(3,0)": 1.365714,
      "(4,1)": 0.475714,
      "(5,1)": 0.367143,
      "(6,0)": 0.562857,
      "(7,0)": 0.465714,
      "(8,0)": 0.582857,
      "(9,0)": 0.764286,
      "(10,0)": 0.532857,
      "(11,0)": 2.26,
      "(11,1)": 0.597143
    },
    "tardiness_truck_nonzero": {
      "(2,1)": 0.461405
    },
    "tardiness_drone_nonzero": {},
    "delay_cost_truck_nonzero": {
      "(2,1)": 3.655166
    },
    "delay_cost_drone_nonzero": {},
    "load_truck_nonzero": {
      "(0,0)": 500.0,
      "(0,1)": 500.0,
      "(1,0)": 500.0,
      "(1,1)": 64.0,
      "(2,1)": 16.0,
      "(3,1)": 30.0,
      "(4,0)": 30.0,
      "(5,0)": 30.0,
      "(5,1)": 30.0,
      "(6,0)": 30.0,
      "(6,1)": 30.0,
      "(7,0)": 30.0,
      "(7,1)": 54.0,
      "(8,0)": 30.0,
      "(8,1)": 30.0,
      "(9,0)": 30.0,
      "(9,1)": 32.0,
      "(10,0)": 30.0,
      "(10,1)": 24.0,
      "(11,0)": 438.0
    },
    "load_drone_plus_nonzero": {
      "(1,1)": 8.0,
      "(5,1)": 4.0,
      "(6,0)": 2.0,
      "(7,0)": 22.0,
      "(8,0)": 2.0,
      "(10,0)": 4.0
    },
    "load_drone_minus_nonzero": {
      "(4,1)": 4.0,
      "(5,1)": 8.0,
      "(6,0)": 4.0,
      "(8,0)": 2.0,
      "(9,0)": 2.0,
      "(10,0)": 22.0
    },
    "energy_worst_case_nonzero": {
      "(4,1)": 4.622809,
      "(5,1)": 3.15564,
      "(6,0)": 2.11656,
      "(8,0)": 2.36878,
      "(9,0)": 4.860356,
      "(10,0)": 1.645396,
      "(11,1)": 6.3
    },
    "departure_truck_nonzero": {
      "(1,0)": 1.731507,
      "(1,1)": 0.188571,
      "(2,0)": 2.836091,
      "(2,1)": 1.874286,
      "(3,0)": 5.598662,
      "(3,1)": 1.365714,
      "(4,0)": 4.693498,
      "(5,0)": 5.462207,
      "(6,1)": 2.875106,
      "(7,1)": 0.465714,
      "(8,0)": 4.5234,
      "(8,1)": 6.766335,
      "(9,1)": 0.771429,
      "(10,0)": 3.902685,
      "(11,0)": 1.0,
      "(11,1)": 3.0
    }
  },
  "alns_verification": {
    "alns_feasible": true,
    "alns_cost": 89.5662,
    "mip_objective": 92.65516557480143,
    "reconstruction_method": "y_arcs",
    "robustness_violations": [],
    "truck_cost": 79.1,
    "drone_cost": 9.9,
    "delay_cost": 0.5662,
    "robustness_feasible": true
  }
}