{
  "instance": "data/Instance10/R_40_10_5.txt",
  "config": {
    "instance": "data/Instance10/R_40_10_5.txt",
    "time_window_strategy": "class_based",
    "epsilon": 0.001,
    "energy_budget": 3,
    "robust_energy": true,
    "bigm_time": 1000,
    "bigm_load": 1000,
    "bigm_energy": 20.0,
    "tardiness_weight": 1.0,
    "time_limit": 3600
  },
  "solve_time": 3600.115895986557,
  "status": 9,
  "objective": 148.23208347148946,
  "best_bound": 125.75211809522305,
  "mip_gap": 0.1516538447669471,
  "runtime": 3600.0191860198975,
  "truck_routes": [
    {
      "truck": 0,
      "route": [
        0,
        8,
        11
      ],
      "distance": 36.6
    },
    {
      "truck": 1,
      "route": [
        0,
        2,
        10,
        7,
        5,
        1,
        6,
        4,
        11
      ],
      "distance": 98.99999999999999
    }
  ],
  "drone_tasks": [
    {
      "drone": 1,
      "tasks": [
        {
          "launch_node": 2,
          "retrieve_node": 10,
          "customers": [
            3
          ],
          "launch_truck": 1,
          "retrieve_truck": 1
        },
        {
          "launch_node": 10,
          "retrieve_node": 7,
          "customers": [
            9
          ],
          "launch_truck": 1,
          "retrieve_truck": null
        }
      ],
      "distance": 38.5
    }
  ],
  "decision_variables": {
    "x_truck_active": {
      "(0,2,1)": 1.0,
      "(0,8,0)": 1.0,
      "(1,6,1)": 1.0,
      "(2,10,1)": 1.0,
      "(4,11,1)": 1.0,
      "(5,1,1)": 1.0,
      "(6,4,1)": 1.0,
      "(7,5,1)": 1.0,
      "(8,11,0)": 1.0,
      "(10,7,1)": 1.0
    },
    "y_drone_active": {
      "(2,3,1)": 1.0,
      "(3,10,1)": 1.0,
      "(9,7,1)": 1.0,
      "(10,9,1)": 1.0
    },
    "z_coupling_active": {
      "(0,2,1,1)": 1.0,
      "(1,6,1,1)": 1.0,
      "(4,11,1,1)": 1.0,
      "(5,1,1,1)": 1.0,
      "(6,4,1,1)": 1.0,
      "(7,5,1,1)": 1.0
    },
    "u_sync_active": {
      "(2,1,1)": 1.0,
      "(10,1,1)": 1.0
    },
    "arrival_truck_nonzero": {
      "(1,1)": 1.684286,
      "(2,1)": 0.291429,
      "(4,0)": 2.265792,
      "(4,1)": 2.35,
      "(5,1)": 1.015714,
      "(6,0)": 0.225162,
      "(6,1)": 1.855714,
      "(7,1)": 0.841429,
      "(8,0)": 0.522857,
      "(8,1)": 3.09209,
      "(10,1)": 0.677143,
      "(11,0)": 1.045714,
      "(11,1)": 2.924286
    },
    "arrival_drone_nonzero": {
      "(1,1)": 1.684286,
      "(2,1)": 0.291429,
      "(3,1)": 0.435714,
      "(4,0)": 0.084208,
      "(4,1)": 2.35,
      "(5,1)": 1.015714,
      "(6,1)": 1.855714,
      "(7,1)": 0.841429,
      "(9,0)": 0.209737,
      "(9,1)": 0.73,
      "(10,1)": 0.677143,
      "(11,0)": 0.177406,
      "(11,1)": 2.924286
    },
    "tardiness_truck_nonzero": {
      "(1,1)": 0.558858,
      "(6,1)": 0.064287
    },
    "tardiness_drone_nonzero": {},
    "delay_cost_truck_nonzero": {
      "(1,1)": 4.422815,
      "(6,1)": 0.509271
    },
    "delay_cost_drone_nonzero": {},
    "load_truck_nonzero": {
      "(0,0)": 500.0,
      "(0,1)": 500.0,
      "(1,0)": 470.0,
      "(1,1)": 84.0,
      "(2,0)": 30.0,
      "(2,1)": 139.0,
      "(3,0)": 470.0,
      "(4,0)": 59.0,
      "(4,1)": 59.0,
      "(5,0)": 470.0,
      "(5,1)": 84.0,
      "(6,0)": 32.0,
      "(6,1)": 70.0,
      "(7,0)": 500.0,
      "(7,1)": 91.0,
      "(8,0)": 7.0,
      "(8,1)": 500.0,
      "(9,0)": 500.0,
      "(9,1)": 99.0,
      "(10,0)": 500.0,
      "(10,1)": 116.0
    },
    "load_drone_plus_nonzero": {
      "(2,1)": 11.0,
      "(9,1)": 7.0,
      "(10,1)": 17.0
    },
    "load_drone_minus_nonzero": {
      "(1,0)": 30.0,
      "(1,1)": 30.0,
      "(3,1)": 11.0,
      "(4,0)": 29.0,
      "(4,1)": 29.0,
      "(6,1)": 30.0,
      "(7,0)": 30.0,
      "(7,1)": 7.0,
      "(9,0)": 30.0,
      "(9,1)": 17.0,
      "(10,0)": 6.0
    },
    "energy_worst_case_nonzero": {
      "(3,1)": 2.653425,
      "(7,1)": 2.967941,
      "(9,1)": 1.145676,
      "(10,1)": 6.3
    },
    "departure_truck_nonzero": {
      "(1,0)": 1.420078,
      "(1,1)": 1.684286,
      "(2,1)": 0.291429,
      "(3,0)": 5.058662,
      "(4,0)": 5.657783,
      "(4,1)": 2.35,
      "(5,0)": 4.856493,
      "(5,1)": 1.015714,
      "(6,0)": 0.225162,
      "(6,1)": 1.855714,
      "(7,0)": 3.139855,
      "(7,1)": 0.841429,
      "(8,0)": 0.522857,
      "(8,1)": 3.09209,
      "(9,0)": 1.526879,
      "(10,0)": 5.504192,
      "(10,1)": 0.677143,
      "(11,0)": 2.0,
      "(11,1)": 3.0
    }
  },
  "alns_verification": {
    "alns_feasible": true,
    "alns_cost": 144.0674,
    "mip_objective": 148.23208347148946,
    "reconstruction_method": "y_arcs",
    "robustness_violations": [],
    "truck_cost": 135.6,
    "drone_cost": 7.7,
    "delay_cost": 0.7674,
    "robustness_feasible": true
  }
}