{
  "instance": "data/Instance10/R_50_10_2.txt",
  "config": {
    "instance": "data/Instance10/R_50_10_2.txt",
    "time_window_strategy": "class_based",
    "epsilon": 0.001,
    "energy_budget": 3,
    "robust_energy": true,
    "bigm_time": 1000,
    "bigm_load": 1000,
    "bigm_energy": 20.0,
    "tardiness_weight": 1.0,
    "time_limit": 3600
  },
  "solve_time": 458.2592990398407,
  "status": 2,
  "objective": 214.37907205915292,
  "best_bound": 214.37907205915292,
  "mip_gap": 0.0,
  "runtime": 458.15375995635986,
  "truck_routes": [
    {
      "truck": 0,
      "route": [
        0,
        4,
        5,
        9,
        6,
        8,
        11
      ],
      "distance": 105.2
    },
    {
      "truck": 1,
      "route": [
        0,
        1,
        10,
        2,
        3,
        11
      ],
      "distance": 100.8
    }
  ],
  "drone_tasks": [
    {
      "drone": 1,
      "tasks": [
        {
          "launch_node": 5,
          "retrieve_node": 9,
          "customers": [
            7
          ],
          "launch_truck": 0,
          "retrieve_truck": null
        }
      ],
      "distance": 16.599999999999998
    }
  ],
  "decision_variables": {
    "x_truck_active": {
      "(0,1,1)": 1.0,
      "(0,4,0)": 1.0,
      "(1,10,1)": 1.0,
      "(2,3,1)": 1.0,
      "(3,11,1)": 1.0,
      "(4,5,0)": 1.0,
      "(5,9,0)": 1.0,
      "(6,8,0)": 1.0,
      "(8,11,0)": 1.0,
      "(9,6,0)": 1.0,
      "(10,2,1)": 1.0
    },
    "y_drone_active": {
      "(5,7,1)": 1.0,
      "(5,9,0)": 1.0,
      "(7,9,1)": 1.0
    },
    "z_coupling_active": {
      "(0,4,0,0)": 1.0,
      "(0,4,0,1)": 1.0,
      "(4,5,0,0)": 1.0,
      "(4,5,0,1)": 1.0,
      "(6,8,0,0)": 1.0,
      "(6,8,0,1)": 1.0,
      "(8,11,0,0)": 1.0,
      "(8,11,0,1)": 1.0,
      "(9,6,0,0)": 1.0,
      "(9,6,0,1)": 1.0
    },
    "u_sync_active": {
      "(5,0,0)": 1.0,
      "(5,0,1)": 1.0,
      "(11,1,1)": 1.0
    },
    "arrival_truck_nonzero": {
      "(1,1)": 0.105714,
      "(2,1)": 2.037143,
      "(3,1)": 2.407221,
      "(4,0)": 0.282857,
      "(5,0)": 0.751429,
      "(6,0)": 1.357143,
      "(6,1)": 1.477141,
      "(8,0)": 2.108571,
      "(9,0)": 1.008571,
      "(10,0)": 2.181507,
      "(10,1)": 0.597143,
      "(11,0)": 3.018649,
      "(11,1)": 3.018649
    },
    "arrival_drone_nonzero": {
      "(4,0)": 0.282857,
      "(4,1)": 0.282857,
      "(5,0)": 0.751429,
      "(5,1)": 0.751429,
      "(6,0)": 1.357143,
      "(6,1)": 1.357143,
      "(7,1)": 0.807143,
      "(8,0)": 2.108571,
      "(8,1)": 2.108571,
      "(9,0)": 0.88,
      "(9,1)": 0.988571,
      "(11,0)": 3.018649,
      "(11,1)": 3.018649
    },
    "tardiness_truck_nonzero": {
      "(2,1)": 0.411405
    },
    "tardiness_drone_nonzero": {},
    "delay_cost_truck_nonzero": {
      "(2,1)": 3.259075
    },
    "delay_cost_drone_nonzero": {},
    "load_truck_nonzero": {
      "(0,0)": 500.0,
      "(0,1)": 500.0,
      "(1,0)": 62.0,
      "(1,1)": 500.0,
      "(2,1)": 472.0,
      "(3,1)": 453.0,
      "(4,0)": 121.0,
      "(4,1)": 30.0,
      "(5,0)": 118.0,
      "(5,1)": 26.0,
      "(6,0)": 6.0,
      "(6,1)": 486.0,
      "(8,0)": 4.0,
      "(9,0)": 20.0,
      "(9,1)": 28.0,
      "(10,0)": 2.0,
      "(10,1)": 481.0,
      "(11,1)": 439.0
    },
    "load_drone_plus_nonzero": {
      "(5,0)": 14.0,
      "(5,1)": 22.0,
      "(7,1)": 14.0
    },
    "load_drone_minus_nonzero": {
      "(5,0)": 30.0,
      "(5,1)": 30.0,
      "(7,1)": 22.0,
      "(8,0)": 30.0,
      "(8,1)": 26.464601,
      "(9,0)": 14.0,
      "(9,1)": 14.0
    },
    "energy_worst_case_nonzero": {
      "(7,1)": 1.365329,
      "(9,0)": 2.575609,
      "(9,1)": 4.999799
    },
    "departure_truck_nonzero": {
      "(1,1)": 0.105714,
      "(2,0)": 3.048948,
      "(2,1)": 2.037143,
      "(3,1)": 2.407221,
      "(4,0)": 0.282857,
      "(4,1)": 5.576433,
      "(5,0)": 0.751429,
      "(5,1)": 5.560779,
      "(6,0)": 1.357143,
      "(6,1)": 1.477141,
      "(7,1)": 3.844141,
      "(8,0)": 2.121507,
      "(8,1)": 6.758418,
      "(9,0)": 1.008571,
      "(10,0)": 6.112763,
      "(10,1)": 0.597143,
      "(11,0)": 4.0,
      "(11,1)": 4.0
    }
  },
  "alns_verification": {
    "alns_feasible": true,
    "alns_cost": 209.819,
    "mip_objective": 214.37907205915292,
    "reconstruction_method": "y_arcs",
    "robustness_violations": [],
    "truck_cost": 206.0,
    "drone_cost": 3.32,
    "delay_cost": 0.499,
    "robustness_feasible": true
  }
}