{
  "instance": "data/Instance10/R_50_10_4.txt",
  "config": {
    "instance": "data/Instance10/R_50_10_4.txt",
    "time_window_strategy": "class_based",
    "epsilon": 0.001,
    "energy_budget": 3,
    "robust_energy": true,
    "bigm_time": 1000,
    "bigm_load": 1000,
    "bigm_energy": 20.0,
    "tardiness_weight": 1.0,
    "time_limit": 3600
  },
  "solve_time": 3600.124018907547,
  "status": 9,
  "objective": 184.50523911699548,
  "best_bound": 128.51983778726677,
  "mip_gap": 0.30343529320719265,
  "runtime": 3600.019795179367,
  "truck_routes": [
    {
      "truck": 0,
      "route": [
        0,
        7,
        1,
        5,
        8,
        11
      ],
      "distance": 95.5
    },
    {
      "truck": 1,
      "route": [
        0,
        9,
        4,
        2,
        6,
        11
      ],
      "distance": 79.10000000000001
    }
  ],
  "drone_tasks": [
    {
      "drone": 0,
      "tasks": [
        {
          "launch_node": 7,
          "retrieve_node": 1,
          "customers": [
            3
          ],
          "launch_truck": 0,
          "retrieve_truck": null
        }
      ],
      "distance": 19.799999999999997
    },
    {
      "drone": 1,
      "tasks": [
        {
          "launch_node": 9,
          "retrieve_node": 5,
          "customers": [
            10
          ],
          "launch_truck": 1,
          "retrieve_truck": null
        }
      ],
      "distance": 17.9
    }
  ],
  "decision_variables": {
    "x_truck_active": {
      "(0,7,0)": 1.0,
      "(0,9,1)": 1.0,
      "(1,5,0)": 1.0,
      "(2,6,1)": 1.0,
      "(4,2,1)": 1.0,
      "(5,8,0)": 1.0,
      "(6,11,1)": 1.0,
      "(7,1,0)": 1.0,
      "(8,11,0)": 1.0,
      "(9,4,1)": 1.0
    },
    "y_drone_active": {
      "(3,1,0)": 1.0,
      "(7,3,0)": 1.0,
      "(9,10,1)": 1.0,
      "(10,5,1)": 1.0
    },
    "z_coupling_active": {
      "(0,7,0,0)": 1.0,
      "(0,9,1,1)": 1.0,
      "(1,5,0,0)": 1.0,
      "(5,8,0,0)": 1.0,
      "(5,8,0,1)": 1.0,
      "(8,11,0,0)": 1.0,
      "(8,11,0,1)": 1.0
    },
    "u_sync_active": {
      "(7,0,0)": 1.0,
      "(9,1,1)": 1.0
    },
    "arrival_truck_nonzero": {
      "(1,0)": 0.677143,
      "(1,1)": 1.079713,
      "(2,1)": 1.385714,
      "(3,0)": 0.941142,
      "(4,0)": 2.458308,
      "(4,1)": 0.882857,
      "(5,0)": 2.282935,
      "(5,1)": 2.833388,
      "(6,0)": 1.589999,
      "(6,1)": 1.888571,
      "(7,0)": 0.4,
      "(8,0)": 3.060078,
      "(8,1)": 3.27209,
      "(9,1)": 0.431429,
      "(11,0)": 3.948649,
      "(11,1)": 2.26
    },
    "arrival_drone_nonzero": {
      "(1,0)": 1.079713,
      "(3,0)": 0.544286,
      "(4,0)": 3.341165,
      "(5,0)": 2.282935,
      "(5,1)": 2.282935,
      "(6,1)": 2.816534,
      "(7,0)": 0.4,
      "(7,1)": 2.174364,
      "(8,0)": 3.060078,
      "(8,1)": 3.060078,
      "(9,1)": 0.431429,
      "(10,0)": 2.397221,
      "(10,1)": 0.63,
      "(11,0)": 3.948649,
      "(11,1)": 3.948649
    },
    "tardiness_truck_nonzero": {
      "(6,1)": 0.298573
    },
    "tardiness_drone_nonzero": {},
    "delay_cost_truck_nonzero": {
      "(6,1)": 2.365239
    },
    "delay_cost_drone_nonzero": {},
    "load_truck_nonzero": {
      "(0,0)": 500.0,
      "(0,1)": 500.0,
      "(1,0)": 481.0,
      "(1,1)": 500.0,
      "(2,0)": 500.0,
      "(2,1)": 32.0,
      "(4,0)": 500.0,
      "(4,1)": 44.0,
      "(5,0)": 464.0,
      "(5,1)": 500.0,
      "(6,1)": 17.0,
      "(7,0)": 500.0,
      "(8,0)": 449.0,
      "(9,1)": 73.0,
      "(10,0)": 500.0,
      "(10,1)": 500.0,
      "(11,0)": 444.0
    },
    "load_drone_plus_nonzero": {
      "(3,0)": 17.0,
      "(7,0)": 17.0,
      "(9,1)": 23.0,
      "(10,1)": 15.0
    },
    "load_drone_minus_nonzero": {
      "(1,0)": 17.0,
      "(1,1)": 30.0,
      "(2,0)": 30.0,
      "(2,1)": 30.0,
      "(3,0)": 17.0,
      "(3,1)": 30.0,
      "(4,0)": 30.0,
      "(4,1)": 30.0,
      "(5,1)": 15.0,
      "(6,0)": 30.0,
      "(6,1)": 30.0,
      "(8,0)": 30.0,
      "(8,1)": 30.0,
      "(10,1)": 23.0,
      "(11,1)": 30.0
    },
    "energy_worst_case_nonzero": {
      "(1,0)": 6.3,
      "(3,0)": 3.127386,
      "(5,1)": 6.3,
      "(10,1)": 5.230909
    },
    "departure_truck_nonzero": {
      "(1,0)": 1.897221,
      "(1,1)": 1.079713,
      "(2,1)": 1.385714,
      "(3,0)": 0.941142,
      "(4,0)": 2.458308,
      "(4,1)": 0.882857,
      "(5,0)": 2.282935,
      "(5,1)": 2.833388,
      "(6,0)": 1.589999,
      "(6,1)": 1.888571,
      "(7,0)": 0.4,
      "(8,0)": 3.060078,
      "(8,1)": 3.27209,
      "(9,1)": 0.431429,
      "(11,0)": 4.0,
      "(11,1)": 3.0
    }
  },
  "alns_verification": {
    "alns_feasible": true,
    "alns_cost": 182.4927,
    "mip_objective": 184.50523911699548,
    "reconstruction_method": "y_arcs",
    "robustness_violations": [],
    "truck_cost": 174.6,
    "drone_cost": 7.54,
    "delay_cost": 0.3527,
    "robustness_feasible": true
  }
}