{
  "instance": "data/Instance10/R_50_10_1.txt",
  "config": {
    "instance": "data/Instance10/R_50_10_1.txt",
    "time_window_strategy": "class_based",
    "epsilon": 0.001,
    "energy_budget": 3,
    "robust_energy": true,
    "bigm_time": 1000,
    "bigm_load": 1000,
    "bigm_energy": 20.0,
    "tardiness_weight": 1.0,
    "time_limit": 3600
  },
  "solve_time": 1755.5021929740906,
  "status": 2,
  "objective": 140.44279703329795,
  "best_bound": 140.44279703329795,
  "mip_gap": 0.0,
  "runtime": 1755.391193151474,
  "truck_routes": [
    {
      "truck": 1,
      "route": [
        0,
        4,
        1,
        9,
        3,
        2,
        5,
        11
      ],
      "distance": 119.80000000000001
    }
  ],
  "drone_tasks": [
    {
      "drone": 0,
      "tasks": [
        {
          "launch_node": 1,
          "retrieve_node": 9,
          "customers": [
            6
          ],
          "launch_truck": 1,
          "retrieve_truck": null
        }
      ],
      "distance": 50.0
    },
    {
      "drone": 1,
      "tasks": [
        {
          "launch_node": 4,
          "retrieve_node": 9,
          "customers": [
            8,
            7
          ],
          "launch_truck": 1,
          "retrieve_truck": 1
        }
      ],
      "distance": 37.2
    }
  ],
  "decision_variables": {
    "x_truck_active": {
      "(0,4,1)": 1.0,
      "(1,9,1)": 1.0,
      "(2,5,1)": 1.0,
      "(3,2,1)": 1.0,
      "(4,1,1)": 1.0,
      "(5,11,1)": 1.0,
      "(9,3,1)": 1.0
    },
    "y_drone_active": {
      "(1,6,0)": 1.0,
      "(4,8,1)": 1.0,
      "(5,10,0)": 1.0,
      "(6,9,0)": 1.0,
      "(7,9,1)": 1.0,
      "(8,7,1)": 1.0,
      "(9,3,1)": 1.0,
      "(10,11,0)": 1.0
    },
    "z_coupling_active": {
      "(0,4,1,0)": 1.0,
      "(0,4,1,1)": 1.0,
      "(2,5,1,0)": 1.0,
      "(2,5,1,1)": 1.0,
      "(3,2,1,0)": 1.0,
      "(3,2,1,1)": 1.0,
      "(4,1,1,0)": 1.0,
      "(5,11,1,1)": 1.0,
      "(9,3,1,0)": 1.0
    },
    "u_sync_active": {
      "(1,1,0)": 1.0,
      "(4,1,1)": 1.0,
      "(5,1,0)": 1.0,
      "(9,1,1)": 1.0,
      "(11,1,0)": 1.0
    },
    "arrival_truck_nonzero": {
      "(1,0)": 0.754286,
      "(1,1)": 0.754286,
      "(2,1)": 1.827143,
      "(3,0)": 2.725194,
      "(3,1)": 1.472857,
      "(4,0)": 0.687143,
      "(4,1)": 0.528571,
      "(5,1)": 2.867143,
      "(9,1)": 1.011429,
      "(11,0)": 5.969737,
      "(11,1)": 3.47
    },
    "arrival_drone_nonzero": {
      "(1,0)": 0.754286,
      "(2,0)": 1.827143,
      "(2,1)": 1.827143,
      "(3,0)": 1.472857,
      "(3,1)": 1.218571,
      "(4,0)": 0.528571,
      "(4,1)": 0.528571,
      "(5,0)": 2.867143,
      "(5,1)": 2.867143,
      "(6,0)": 0.844286,
      "(7,1)": 0.857143,
      "(8,1)": 0.84,
      "(9,0)": 1.058571,
      "(9,1)": 1.011429,
      "(10,0)": 2.921429,
      "(11,0)": 3.47,
      "(11,1)": 3.47
    },
    "tardiness_truck_nonzero": {
      "(2,1)": 0.394262,
      "(5,1)": 0.01804
    },
    "tardiness_drone_nonzero": {},
    "delay_cost_truck_nonzero": {
      "(2,1)": 3.123272,
      "(5,1)": 0.079528
    },
    "delay_cost_drone_nonzero": {},
    "load_truck_nonzero": {
      "(0,0)": 500.0,
      "(0,1)": 500.0,
      "(1,1)": 80.0,
      "(2,1)": 42.0,
      "(3,1)": 43.0,
      "(4,0)": 500.0,
      "(4,1)": 143.0,
      "(5,1)": 25.0,
      "(6,1)": 470.0,
      "(7,1)": 59.0,
      "(8,1)": 470.0,
      "(9,1)": 51.0,
      "(10,1)": 11.0
    },
    "load_drone_plus_nonzero": {
      "(1,0)": 18.0,
      "(4,1)": 15.0,
      "(5,0)": 11.0,
      "(6,0)": 7.0,
      "(8,1)": 13.0,
      "(9,1)": 1.0
    },
    "load_drone_minus_nonzero": {
      "(2,0)": 30.0,
      "(2,1)": 30.0,
      "(3,1)": 1.0,
      "(4,0)": 18.0,
      "(4,1)": 3.0,
      "(5,1)": 30.0,
      "(6,0)": 18.0,
      "(7,1)": 13.0,
      "(8,1)": 15.0,
      "(9,0)": 7.0,
      "(10,0)": 11.0
    },
    "energy_worst_case_nonzero": {
      "(3,1)": 6.3,
      "(6,0)": 2.000019,
      "(7,1)": 4.493526,
      "(8,1)": 3.145799,
      "(9,0)": 5.504375,
      "(9,1)": 6.3,
      "(10,0)": 0.998318,
      "(11,0)": 6.3
    },
    "departure_truck_nonzero": {
      "(1,0)": 0.754286,
      "(1,1)": 0.754286,
      "(2,1)": 1.827143,
      "(3,0)": 5.337233,
      "(3,1)": 1.472857,
      "(4,0)": 0.687143,
      "(4,1)": 0.528571,
      "(5,1)": 2.867143,
      "(6,0)": 3.02082,
      "(6,1)": 2.086534,
      "(9,1)": 1.058571,
      "(11,0)": 6.0,
      "(11,1)": 4.0
    }
  },
  "alns_verification": {
    "alns_feasible": true,
    "alns_cost": 134.8275,
    "mip_objective": 140.44279703329795,
    "reconstruction_method": "y_arcs",
    "robustness_violations": [],
    "truck_cost": 119.8,
    "drone_cost": 14.54,
    "delay_cost": 0.4875,
    "robustness_feasible": true
  }
}