{
  "instance": "data/Instance10/R_50_10_5.txt",
  "config": {
    "instance": "data/Instance10/R_50_10_5.txt",
    "time_window_strategy": "class_based",
    "epsilon": 0.001,
    "energy_budget": 3,
    "robust_energy": true,
    "bigm_time": 1000,
    "bigm_load": 1000,
    "bigm_energy": 20.0,
    "tardiness_weight": 1.0,
    "time_limit": 3600
  },
  "solve_time": 320.600044965744,
  "status": 2,
  "objective": 233.73036006265377,
  "best_bound": 233.73036006265377,
  "mip_gap": 0.0,
  "runtime": 320.4990611076355,
  "truck_routes": [
    {
      "truck": 0,
      "route": [
        0,
        6,
        8,
        3,
        11
      ],
      "distance": 72.1
    },
    {
      "truck": 1,
      "route": [
        0,
        7,
        2,
        9,
        4,
        10,
        11
      ],
      "distance": 150.8
    }
  ],
  "drone_tasks": [
    {
      "drone": 0,
      "tasks": [],
      "distance": 23.700000000000003
    },
    {
      "drone": 1,
      "tasks": [
        {
          "launch_node": 2,
          "retrieve_node": 10,
          "customers": [
            1
          ],
          "launch_truck": 1,
          "retrieve_truck": null
        }
      ],
      "distance": 13.3
    }
  ],
  "decision_variables": {
    "x_truck_active": {
      "(0,6,0)": 1.0,
      "(0,7,1)": 1.0,
      "(2,9,1)": 1.0,
      "(3,11,0)": 1.0,
      "(4,10,1)": 1.0,
      "(6,8,0)": 1.0,
      "(7,2,1)": 1.0,
      "(8,3,0)": 1.0,
      "(9,4,1)": 1.0,
      "(10,11,1)": 1.0
    },
    "y_drone_active": {
      "(1,10,1)": 1.0,
      "(2,1,1)": 1.0,
      "(5,11,0)": 1.0,
      "(6,5,0)": 1.0
    },
    "z_coupling_active": {
      "(0,6,0,0)": 1.0,
      "(0,7,1,1)": 1.0,
      "(7,2,1,1)": 1.0,
      "(10,11,1,1)": 1.0
    },
    "u_sync_active": {
      "(2,1,1)": 1.0,
      "(6,0,0)": 1.0
    },
    "arrival_truck_nonzero": {
      "(2,1)": 0.728571,
      "(3,0)": 1.351429,
      "(4,0)": 3.268948,
      "(4,1)": 2.5,
      "(6,0)": 0.245714,
      "(7,1)": 0.434286,
      "(8,0)": 0.865714,
      "(8,1)": 3.176375,
      "(9,0)": 1.340832,
      "(9,1)": 1.774286,
      "(10,1)": 3.2,
      "(11,0)": 7.307963,
      "(11,1)": 4.308571
    },
    "arrival_drone_nonzero": {
      "(1,0)": 0.667221,
      "(1,1)": 0.892857,
      "(2,1)": 0.728571,
      "(4,0)": 2.741507,
      "(4,1)": 2.741507,
      "(5,0)": 0.358571,
      "(6,0)": 0.245714,
      "(7,1)": 0.434286,
      "(9,0)": 0.290429,
      "(9,1)": 0.290429,
      "(10,0)": 1.055636,
      "(10,1)": 1.055636,
      "(11,0)": 4.308571,
      "(11,1)": 4.308571
    },
    "tardiness_truck_nonzero": {
      "(9,1)": 0.433453
    },
    "tardiness_drone_nonzero": {},
    "delay_cost_truck_nonzero": {
      "(9,1)": 3.43036
    },
    "delay_cost_drone_nonzero": {},
    "load_truck_nonzero": {
      "(0,0)": 500.0,
      "(0,1)": 500.0,
      "(1,0)": 48.0,
      "(1,1)": 48.0,
      "(2,1)": 33.0,
      "(3,0)": 48.0,
      "(6,0)": 75.0,
      "(7,0)": 11.0,
      "(7,1)": 44.0,
      "(8,0)": 56.0,
      "(9,1)": 12.0
    },
    "load_drone_plus_nonzero": {
      "(2,1)": 13.0,
      "(6,0)": 9.0
    },
    "load_drone_minus_nonzero": {
      "(1,1)": 13.0,
      "(2,0)": 30.0,
      "(2,1)": 30.0,
      "(3,0)": 18.0,
      "(3,1)": 18.0,
      "(4,0)": 30.0,
      "(4,1)": 30.0,
      "(5,0)": 9.0
    },
    "energy_worst_case_nonzero": {
      "(1,1)": 3.23122,
      "(5,0)": 1.957652,
      "(10,1)": 3.532299,
      "(11,0)": 6.3
    },
    "departure_truck_nonzero": {
      "(2,1)": 0.728571,
      "(3,0)": 1.351429,
      "(4,0)": 3.268948,
      "(4,1)": 2.5,
      "(6,0)": 0.245714,
      "(7,1)": 0.434286,
      "(8,0)": 0.865714,
      "(8,1)": 3.176375,
      "(9,0)": 2.252594,
      "(9,1)": 1.774286,
      "(10,1)": 3.2,
      "(11,0)": 8.0,
      "(11,1)": 5.0
    }
  },
  "alns_verification": {
    "alns_feasible": true,
    "alns_cost": 230.8237,
    "mip_objective": 233.73036006265377,
    "reconstruction_method": "y_arcs",
    "robustness_violations": [],
    "truck_cost": 222.9,
    "drone_cost": 7.4,
    "delay_cost": 0.5237,
    "robustness_feasible": true
  }
}